{
    "TeamID": {
        "mean": 1285.762939645765,
        "std": 105.09567208748034
    },
    "OppTeamID": {
        "mean": 1285.762939645765,
        "std": 105.09567208748034
    },
    "Score": {
        "mean": 69.88024007386888,
        "std": 12.45656837152892
    },
    "OppScore": {
        "mean": 69.88024007386888,
        "std": 12.45656837152892
    },
    "FGM": {
        "mean": 24.60363468479812,
        "std": 4.864164142798951
    },
    "FGA": {
        "mean": 56.28052547637035,
        "std": 7.5178622058838664
    },
    "FGM3": {
        "mean": 6.7776336774951735,
        "std": 3.019369273587391
    },
    "FGA3": {
        "mean": 19.743876437505246,
        "std": 6.05678832384197
    },
    "FTM": {
        "mean": 13.89533702677747,
        "std": 6.07981068579007
    },
    "FTA": {
        "mean": 19.85345001259129,
        "std": 7.8904949193969
    },
    "OR": {
        "mean": 10.41581465625787,
        "std": 4.175341348825279
    },
    "DR": {
        "mean": 23.63131872744061,
        "std": 5.111401637737804
    },
    "Ast": {
        "mean": 13.05568706455133,
        "std": 4.404983588614779
    },
    "TO": {
        "mean": 13.21708637622765,
        "std": 4.253489308591596
    },
    "Stl": {
        "mean": 6.484882061613363,
        "std": 2.964810357963124
    },
    "Blk": {
        "mean": 3.3260471753546548,
        "std": 2.2739408950051736
    },
    "PF": {
        "mean": 18.22531688071854,
        "std": 4.4753689094991635
    },
    "OppFGM": {
        "mean": 24.60363468479812,
        "std": 4.864164142798951
    },
    "OppFGA": {
        "mean": 56.28052547637035,
        "std": 7.5178622058838664
    },
    "OppFGM3": {
        "mean": 6.7776336774951735,
        "std": 3.019369273587391
    },
    "OppFGA3": {
        "mean": 19.743876437505246,
        "std": 6.05678832384197
    },
    "OppFTM": {
        "mean": 13.89533702677747,
        "std": 6.07981068579007
    },
    "OppFTA": {
        "mean": 19.85345001259129,
        "std": 7.8904949193969
    },
    "OppOR": {
        "mean": 10.41581465625787,
        "std": 4.175341348825279
    },
    "OppDR": {
        "mean": 23.63131872744061,
        "std": 5.111401637737804
    },
    "OppAst": {
        "mean": 13.05568706455133,
        "std": 4.404983588614779
    },
    "OppTO": {
        "mean": 13.21708637622765,
        "std": 4.253489308591596
    },
    "OppStl": {
        "mean": 6.484882061613363,
        "std": 2.964810357963124
    },
    "OppBlk": {
        "mean": 3.3260471753546548,
        "std": 2.2739408950051736
    },
    "OppPF": {
        "mean": 18.22531688071854,
        "std": 4.4753689094991635
    },
    "NumOT": {
        "mean": 0.06866448417694955,
        "std": 0.30486652711571444
    }
}